ano,Saúde_pearson,Saúde_spearman,Educação_pearson,Educação_spearman,Assistência Social_pearson,Assistência Social_spearman,Infraestrutura_pearson,Infraestrutura_spearman
2019,0.3940152976159756,0.2311450381679389,0.39442101818206565,0.24095282003300558,0.39917537236133316,0.2677562523352649,0.39531828281129566,0.2535125347330563
2020,0.39401529761597576,0.2311450381679389,0.39442101818206565,0.24095282003300558,0.39917537236133316,0.2677562523352649,0.3953182828112958,0.2535125347330563
2021,0.39401529761597576,0.2311450381679389,0.3944210181820657,0.24095282003300558,0.3991753723613332,0.2677562523352649,0.39531828281129583,0.2535125347330563
2022,0.3940152976159757,0.2311450381679389,0.3944210181820657,0.24095282003300558,0.3991753723613332,0.2677562523352649,0.3953182828112958,0.2535125347330563
2023,0.39401529761597565,0.2311450381679389,0.39442101818206565,0.24095282003300558,0.39917537236133327,0.2677562523352649,0.3953182828112958,0.2535125347330563
