,Saúde,Educação,Assistência Social,Infraestrutura
pearson,0.3930239940541761,0.39466579489169457,0.39942749763479424,0.3955897599372668
spearman,0.24281916544137178,0.24861681068955088,0.2738096255609303,0.26183019943865243
