{
  "generated_at": "2025-06-24T19:12:32.020192",
  "data_modification_time": 1749216965.8656552,
  "total_graphs": 20
}