{
  "generated_at": "2025-06-25T18:51:16.408218",
  "data_modification_time": 1750888071.308329,
  "total_graphs": 20
}