ano,Saúde_pearson,Saúde_spearman,Educação_pearson,Educação_spearman,Assistência Social_pearson,Assistência Social_spearman,Infraestrutura_pearson,Infraestrutura_spearman
2019,0.078561331766528,0.028697909050579402,0.16049760858994117,0.06869180357851454,0.23095489064025362,0.22591970954711446,0.18963827874841221,0.12639291858446675
2020,0.07856143829005521,0.028697909050579402,0.16049766784510772,0.06869180357851454,0.23095494124294136,0.22591970954711446,0.18963833966763355,0.12639291858446675
2021,0.07856140212422727,0.028697909050579402,0.16049766069662874,0.06869180357851454,0.23095493919715732,0.22591970954711446,0.18963833359641563,0.12639291858446675
2022,0.07856148858155575,0.028697909050579402,0.16049767675233242,0.06869180357851454,0.2309549303457804,0.22591970954711446,0.18963833887025833,0.12639291858446675
2023,0.07856148491381514,0.028697909050579402,0.16049768699899117,0.06869180357851454,0.2309549678632997,0.22591970954711446,0.18963836380917878,0.12639291858446675
