regiao,Saúde_pearson,Saúde_spearman,Educação_pearson,Educação_spearman,Assistência Social_pearson,Assistência Social_spearman,Infraestrutura_pearson,Infraestrutura_spearman
Centro-Oeste,-0.8764626904551667,-0.7344645792595971,-0.9064129618670431,-0.6711876308926163,-0.8948423761608724,-0.7073458871023196,-0.8243026933946033,-0.6809804919494109
Nordeste,-0.24956552503925708,-0.3472817321953237,-0.2895071086482929,-0.42695224722836855,-0.13922743880213917,-0.07261944381010374,-0.21518232661456377,-0.25291599395932685
Norte,-0.3359095674347674,-0.36333076635076383,-0.3055578830830418,-0.31654877870189907,-0.6463384737355726,-0.7108340937664326,-0.4867302287942254,-0.5451362153574297
Sudeste,0.3638487842610088,0.6225563909774435,0.37586645270701663,0.7203007518796991,0.32385370787166173,0.6240601503759398,0.33901620759964624,0.6721804511278194
Sul,-0.5014263500138625,-0.34642857142857136,-0.35149849589906784,-0.06785714285714285,-0.7235560774202617,-0.4357142857142856,-0.3867957595875355,-0.1464285714285714
