,Saúde,Educação,Assistência Social,Infraestrutura
pearson,0.07682360747857088,0.16328077543647257,0.23306223028873163,0.19223169839388718
spearman,0.04512490327329428,0.10269317788484102,0.22935362549547728,0.14850829560124104
