{
  "regressao": {
    "r2": 0.09855746390795295,
    "intercepto": 0.6897341662520382,
    "coeficientes": [
      {
        "variavel": "despesa_assistencia_social_per_capita",
        "coeficiente": 0.0006470457132293668,
        "abs_coeficiente": 0.0006470457132293668
      },
      {
        "variavel": "despesa_educacao_per_capita",
        "coeficiente": -0.0003294938544054495,
        "abs_coeficiente": 0.0003294938544054495
      },
      {
        "variavel": "despesa_infraestrutura_per_capita",
        "coeficiente": 7.83456790562406e-05,
        "abs_coeficiente": 7.83456790562406e-05
      },
      {
        "variavel": "despesa_saude_per_capita",
        "coeficiente": -7.302902053467984e-05,
        "abs_coeficiente": 7.302902053467984e-05
      }
    ]
  },
  "clustering": {
    "n_clusters": 4,
    "cluster_stats": {
      